sample_id,pdb_id,true_label,pred_probability,pred_label,correct,fold
mismatch_pdb_00008pwh_B_A_x_pdb_00001j1p_H_L,8PWH_1J1P,0,0.5041951537132263,1,False,1
pdb_00001dqj_B_A,1DQJ,1,0.5041140913963318,1,True,1
pdb_00001him_M_J,1HIM,1,0.5102382898330688,1,True,1
mismatch_pdb_00001bj1_K_J_x_pdb_00001kir_B_A,1BJ1_1KIR,0,0.506991982460022,1,False,1
pdb_00001j1p_H_L,1J1P,1,0.5056185722351074,1,True,1
mismatch_pdb_00001him_M_J_x_pdb_00001ifh_H_L,1HIM_1IFH,0,0.5111051797866821,1,False,1
mismatch_pdb_00001e4x_H_L_x_pdb_00001kc5_H_L,1E4X_1KC5,0,0.5102754831314087,1,False,1
pdb_00001cft_B_A,1CFT,1,0.5075768828392029,1,True,1
pdb_00001hin_H_L,1HIN,1,0.4973601996898651,0,False,2
mismatch_pdb_00001nbz_B_A_x_pdb_00001bj1_H_L,1NBZ_1BJ1,0,0.4998093545436859,0,True,2
pdb_00008q6j_D_C,8Q6J,1,0.4970178008079529,0,False,2
mismatch_pdb_00001kiq_B_A_x_pdb_00001him_L_H,1KIQ_1HIM,0,0.4988015592098236,0,True,2
pdb_00001g7m_B_A,1G7M,1,0.49749594926834106,0,False,2
mismatch_pdb_00001dqj_B_A_x_pdb_00001ifh_H_L,1DQJ_1IFH,0,0.4988779127597809,0,True,2
mismatch_pdb_00001cfs_B_A_x_pdb_00001hh6_B_A,1CFS_1HH6,0,0.4997991621494293,0,True,2
pdb_00001hi6_B_A,1HI6,1,0.4978814423084259,0,False,2
pdb_00001ejo_H_L,1EJO,1,0.498805433511734,0,False,3
pdb_00001jhl_H_L,1JHL,1,0.506267786026001,1,True,3
mismatch_pdb_00001kir_B_A_x_pdb_00008q6j_D_C,1KIR_8Q6J,0,0.5063796043395996,1,False,3
mismatch_pdb_00008q6j_D_C_x_pdb_00008pwh_B_A,8Q6J_8PWH,0,0.4981568455696106,0,True,3
pdb_00001bj1_K_J,1BJ1,1,0.5062724351882935,1,True,3
mismatch_pdb_00001nby_B_A_x_pdb_00008pwh_B_A,1NBY_8PWH,0,0.5034775137901306,1,False,3
mismatch_pdb_00001hi6_B_A_x_pdb_00001hh6_B_A,1HI6_1HH6,0,0.5045288801193237,1,False,3
pdb_00002igf_H_L,2IGF,1,0.5036328434944153,1,True,3
mismatch_pdb_00001g7m_B_A_x_pdb_00001nbz_B_A,1G7M_1NBZ,0,0.5081843137741089,1,False,4
pdb_00001a3r_H_L,1A3R,1,0.49982646107673645,0,False,4
pdb_00001him_L_H,1HIM,1,0.5063393712043762,1,True,4
mismatch_pdb_00001ifh_H_L_x_pdb_00008q6j_D_C,1IFH_8Q6J,0,0.4997340440750122,0,True,4
mismatch_pdb_00001hin_H_L_x_pdb_00001ifh_H_L,1HIN_1IFH,0,0.5136419534683228,1,False,4
pdb_00001mlc_B_A,1MLC,1,0.5117977857589722,1,True,4
pdb_00001acy_H_L,1ACY,1,0.5119842290878296,1,True,4
mismatch_pdb_00002igf_H_L_x_pdb_00001hh6_B_A,2IGF_1HH6,0,0.5087956190109253,1,False,4
mismatch_pdb_00001ejo_H_L_x_pdb_00008pwh_B_A,1EJO_8PWH,0,0.4825865626335144,0,True,5
pdb_00001ifh_H_L,1IFH,1,0.48666802048683167,0,False,5
mismatch_pdb_00001j1p_H_L_x_pdb_00008pwh_B_A,1J1P_8PWH,0,0.4899693727493286,0,True,5
pdb_00004hkz_B_A,4HKZ,1,0.4904293119907379,0,False,5
mismatch_pdb_00001mlc_D_C_x_pdb_00008pwh_D_C,1MLC_8PWH,0,0.48665523529052734,0,True,5
mismatch_pdb_00001hh9_B_A_x_pdb_00002igf_H_L,1HH9_2IGF,0,0.4860858917236328,0,True,5
pdb_00001hh6_B_A,1HH6,1,0.4896925985813141,0,False,5
pdb_00008pwh_B_A,8PWH,1,0.46817880868911743,0,False,6
mismatch_pdb_00004hkz_B_A_x_pdb_00008q6j_D_C,4HKZ_8Q6J,0,0.4767022430896759,0,True,6
pdb_00008pwh_D_C,8PWH,1,0.4744266867637634,0,False,6
mismatch_pdb_00001e4w_H_L_x_pdb_00001kc5_H_L,1E4W_1KC5,0,0.46376675367355347,0,True,6
mismatch_pdb_00001acy_H_L_x_pdb_00001hi6_B_A,1ACY_1HI6,0,0.4769040048122406,0,True,6
mismatch_pdb_00001cft_B_A_x_pdb_00001hi6_B_A,1CFT_1HI6,0,0.47515687346458435,0,True,6
pdb_00001cfs_B_A,1CFS,1,0.4719429016113281,0,False,6
pdb_00001mlc_D_C,1MLC,1,0.5053545832633972,1,True,7
mismatch_pdb_00001e6j_H_L_x_pdb_00001him_L_H,1E6J_1HIM,0,0.509509801864624,1,False,7
mismatch_pdb_00008pwh_D_C_x_pdb_00001ejo_H_L,8PWH_1EJO,0,0.5150229930877686,1,False,7
mismatch_pdb_00008q6j_B_A_x_pdb_00001bj1_H_L,8Q6J_1BJ1,0,0.5012131929397583,1,False,7
pdb_00001bj1_H_L,1BJ1,1,0.5019583702087402,1,True,7
mismatch_pdb_00001a3r_H_L_x_pdb_00001g7m_B_A,1A3R_1G7M,0,0.5038319826126099,1,False,7
pdb_00001hh9_B_A,1HH9,1,0.5019277334213257,1,True,7
pdb_00008q6j_B_A,8Q6J,1,0.4922892153263092,0,False,8
mismatch_pdb_00001mlc_B_A_x_pdb_00001bj1_K_J,1MLC_1BJ1,0,0.49561426043510437,0,True,8
pdb_00001nbz_B_A,1NBZ,1,0.4954749345779419,0,False,8
pdb_00001kc5_H_L,1KC5,1,0.49154895544052124,0,False,8
mismatch_pdb_00001hh6_B_A_x_pdb_00001cfs_B_A,1HH6_1CFS,0,0.49631810188293457,0,True,8
pdb_00001bog_B_A,1BOG,1,0.4930007755756378,0,False,8
mismatch_pdb_00001bog_B_A_x_pdb_00001cft_B_A,1BOG_1CFT,0,0.49639376997947693,0,True,8
pdb_00001e6j_H_L,1E6J,1,0.5131732225418091,1,True,9
mismatch_pdb_00001bj1_H_L_x_pdb_00004hkz_B_A,1BJ1_4HKZ,0,0.5166844725608826,1,False,9
pdb_00001kiq_B_A,1KIQ,1,0.5074847936630249,1,True,9
pdb_00001nby_B_A,1NBY,1,0.5101805925369263,1,True,9
mismatch_pdb_00001jhl_H_L_x_pdb_00001dqj_B_A,1JHL_1DQJ,0,0.5085582733154297,1,False,9
pdb_00001e4w_H_L,1E4W,1,0.5093673467636108,1,True,9
mismatch_pdb_00001kc5_H_L_x_pdb_00001e4w_H_L,1KC5_1E4W,0,0.5123394131660461,1,False,9
mismatch_pdb_00001him_L_H_x_pdb_00008q6j_B_A,1HIM_8Q6J,0,0.5870013236999512,1,False,10
pdb_00001kir_B_A,1KIR,1,0.7007949948310852,1,True,10
pdb_00001ce1_H_L,1CE1,1,0.7889883518218994,1,True,10
mismatch_pdb_00001e4x_I_M_x_pdb_00001kc5_H_L,1E4X_1KC5,0,0.10641492158174515,0,True,10
mismatch_pdb_00001ce1_H_L_x_pdb_00001e4x_I_M,1CE1_1E4X,0,0.5352524518966675,1,False,10
pdb_00001e4x_I_M,1E4X,1,0.7478106021881104,1,True,10
pdb_00001e4x_H_L,1E4X,1,0.3812374770641327,0,False,10
